1,江苏省南京市兴江公寓,118.792622,32.068711
2,江苏省南京市美丽嘉园,118.742108,32.025889
3,江苏省南京市山阴路小区,118.772587,32.061092
4,江苏省南京市东郊小镇第八街区,118.953535,32.063079
5,江苏省南京市武夷路小区,118.774725,32.064071
6,江苏省南京市陶苑,118.904182,31.892904
7,江苏省南京市嘉业国际城,118.734841,32.004683
8,江苏省南京市亚东名座,118.789404,32.033845
9,江苏省南京市大纱帽巷38号小区,118.799361,32.05688
10,江苏省南京市万裕龙庭水岸,118.912429,31.914287
11,江苏省南京市沙塘园,118.800769,32.058174
12,江苏省南京市辰龙广场,118.744606,32.050577
13,江苏省南京市莱茵东郡,118.870833,31.940164
14,江苏省南京市水佐岗48巷小区,118.770959,32.076649
15,江苏省南京市大钟新村,118.791854,32.06741
16,江苏省南京市锦绣花园,118.939756,32.063731
17,江苏省南京市汇贤居,118.748346,32.056412
18,江苏省南京市马家街小区,118.788518,32.07948
19,江苏省南京市苏宁乐瑰园,118.757266,32.051111
20,江苏省南京市嘉业国际城,118.734841,32.004683
21,江苏省南京市百水芊城云水坊,118.91505,32.052241
22,江苏省南京市安乐村小区,118.770282,32.09813
23,江苏省南京市莲花新城南苑,118.720369,31.967761
24,江苏省南京市沙塘园,118.800769,32.058174
25,江苏省南京市宁工新寓二村,118.743903,32.065386
26,江苏省南京市金马郦城西区,118.721453,32.012936
27,江苏省南京市瑞园,118.741545,32.057914
28,江苏省南京市三牌楼小区,118.772337,32.08656
29,江苏省南京市骋望骊都,118.901304,31.889347
30,江苏省南京市长江之家,118.738587,32.055641
31,江苏省南京市利德家园,118.747734,32.034689
32,江苏省南京市宁和新寓,118.770726,32.084701
33,江苏省南京市程阁老巷小区,118.79157,32.040004
34,江苏省南京市幸福城杜鹃园,118.910148,32.037313
61,江苏省南京市晶典国际大厦,118.7599,32.092034
62,江苏省南京市紫竹林小区,118.779746,32.091616
63,江苏省南京市钱塘路小区,118.771392,32.064769
64,江苏省南京市仁恒国际公寓,118.740392,32.012035
65,江苏省南京市百合果园,118.743305,32.076255
66,江苏省南京市上海路新村,118.78141,32.05955
67,江苏省南京市紫鑫国际公寓,118.737126,32.017042
68,江苏省南京市银城聚泽园,118.746691,32.048581
69,江苏省南京市华富园,118.770591,32.088771
70,江苏省南京市黑龙江路十二巷,118.781726,32.09322
71,江苏省南京市进香河路小区,118.797137,32.060089
72,江苏省南京市新门口小区,118.773489,32.089207
73,江苏省南京市莫愁新寓荷花里,118.763365,32.044081
74,江苏省南京市东郊小镇第二街区,118.959341,32.05884
75,江苏省南京市新河一村,118.742412,32.075046
76,江苏省南京市五矿御江金城,118.719641,32.023814
77,江苏省南京市长江花园(玄武),118.793171,32.054201
78,江苏省南京市海德卫城,118.739544,32.068737
79,江苏省南京市升龙天汇,118.704872,31.971217
80,江苏省南京市天悦花园,118.903643,32.059371
81,江苏省南京市天地新城,118.8337,31.977304
82,江苏省南京市银城花园北片,118.737897,32.058044
83,江苏省南京市铁路南街,118.777947,32.081416
84,江苏省南京市华茂大厦,118.745549,32.058072
85,江苏省南京市银城花园北片,118.737897,32.058044
86,江苏省南京市南湾营煦康苑,118.902822,32.041579
87,江苏省南京市东郊小镇第四街区,118.956786,32.06116
88,江苏省南京市天地新城,118.8337,31.977304
89,江苏省南京市新民路小区,118.655713,32.034242
90,江苏省南京市东郊小镇第三街区,118.95752,32.065878
91,江苏省南京市东郊小镇第六街区,118.955564,32.063192
92,江苏省南京市五矿崇文金城,118.703373,31.973529
93,江苏省南京市观音里小区,118.789721,32.082045
94,江苏省南京市银城花园北片,118.737897,32.058044
95,江苏省南京市朗诗国际街区北园,118.731365,31.996818
96,江苏省南京市厚载巷,118.789875,32.068896
97,江苏省南京市清河新寓二村,118.736077,32.047778
98,江苏省南京市水佐岗小区,118.775074,32.072434
99,江苏省南京市傅厚岗小区,118.788292,32.070969
100,江苏省南京市丹凤新寓,118.794237,32.059511
101,江苏省南京市石婆婆巷小区,118.794195,32.062209
102,江苏省南京市钟阜路小区,118.773991,32.093752
103,江苏省南京市银城花园北片,118.737897,32.058044
104,江苏省南京市北门桥5号小区,118.794201,32.054421
105,江苏省南京市钟阜路小区,118.773991,32.093752
106,江苏省南京市骋望骊都,118.901304,31.889347
107,江苏省南京市居安里小区,118.795691,32.057433
108,江苏省南京市苏宁银河天启花园,118.749205,32.050002
109,江苏省南京市交通一村,118.768929,32.086514
110,江苏省南京市苏宁银河天启花园,118.749205,32.050002
111,江苏省南京市堂子街小区,118.829452,32.030424
112,江苏省南京市凤凰西街223号小区,118.760094,32.04657
113,江苏省南京市利德家园,118.747734,32.034689
114,江苏省南京市新城逸境,118.772649,32.043786
115,江苏省南京市沙塘园,118.800769,32.058174
116,江苏省南京市天悦花园,118.903643,32.059371
117,江苏省南京市鲁迅园,118.767473,32.083822
118,江苏省南京市长江路9号,118.795838,32.049246
119,江苏省南京市水佐岗32巷小区,118.77097,32.075263
120,江苏省南京市港宁园小区,118.769954,32.091267
121,江苏省南京市金川门小区,118.766022,32.089915
122,江苏省南京市南湾营馨康苑,118.89964,32.041677
123,江苏省南京市水佐岗48巷小区,118.770959,32.076649
124,江苏省南京市龙吟广场,118.776047,32.076524
125,江苏省南京市汇林绿洲上林苑,118.783517,32.09259
126,江苏省南京市金信花园,118.75308,32.054055
127,江苏省南京市萨家湾小区,118.768001,32.088747
128,江苏省南京市中商万豪中心,118.776617,32.075999
129,江苏省南京市场门口小区,118.802755,32.04535
130,江苏省南京市东郊小镇第三街区,118.95752,32.065878
131,江苏省南京市安乐村小区,118.770282,32.09813
132,江苏省南京市武夷名仕园,118.900111,31.887561
133,江苏省南京市弘辉龙江里,118.745535,32.058923
134,江苏省南京市大纱帽巷40号小区,118.798334,32.056511
135,江苏省南京市弘阳上院,118.905054,31.934046
136,江苏省南京市南方花园,118.827456,31.967064
137,江苏省南京市绒庄街,118.788442,32.034848
138,江苏省南京市银亿东城第九街区,118.952767,32.068111
139,江苏省南京市中海凯旋门,118.761588,32.090943
140,江苏省南京市江滨新寓,118.737533,32.059876
141,江苏省南京市宋都奥体名座,118.728979,32.014726
142,江苏省南京市马群公寓,118.903055,32.058228
143,江苏省南京市珠江路小区,118.795519,32.056603
144,江苏省南京市香居美苑,118.796312,32.059326
145,江苏省南京市御湖国际,118.812747,32.086282
146,江苏省南京市时代天地广场,118.741925,32.049289
147,江苏省南京市湖景花园,118.797179,32.094544
148,江苏省南京市中海凤凰熙岸四期玺荟,118.76114,32.050069
149,江苏省南京市黑龙江路2巷,118.788605,32.093589
150,江苏省南京市万达西地,118.742029,32.036
181,江苏省南京市人和街小区,118.777391,32.074784
182,江苏省南京市宏普捷座,118.740359,32.018646
183,江苏省南京市鲁迅园,118.767473,32.083822
184,江苏省南京市月安花园,118.7376,32.027268
185,江苏省南京市金陵大公馆,118.777525,32.093166
186,江苏省南京市天悦花园,118.903643,32.059371
187,江苏省南京市凤凰西街112-124号小区,118.75903,32.048968
188,江苏省南京市鸿发大厦,118.777061,32.047788
189,江苏省南京市中海凤凰熙岸四期玺荟,118.76114,32.050069
190,江苏省南京市广博苑,118.87306,31.948715
191,江苏省南京市高楼门,118.792738,32.070307
192,江苏省南京市大石桥小区,118.794939,32.06077
193,江苏省南京市怡景花园,118.779332,32.049823
194,江苏省南京市怡景花园,118.779332,32.049823
195,江苏省南京市清河新寓一村,118.73785,32.047748
196,江苏省南京市将军庙小区,118.874897,32.477113
197,江苏省南京市老虎桥32号,118.798433,32.058475
198,江苏省南京市游府新村,118.79672,32.04428
199,江苏省南京市正泰大厦,118.746267,32.070158
200,江苏省南京市南方花园,118.827456,31.967064
201,江苏省南京市阳光之旅,118.94017,32.057521
202,江苏省南京市雨润国际广场,118.733764,31.985657
203,江苏省南京市骋望骊都,118.901304,31.889347
204,江苏省南京市三牌楼小区,118.772337,32.08656
205,江苏省南京市欧洲城凯旋丽都花园,118.742666,32.018184
206,江苏省南京市奥体新城丹桂园,118.737123,32.020768
207,江苏省南京市润花园,118.77046,32.027318
208,江苏省南京市唱经楼安全文明小区,118.794082,32.056648
209,江苏省南京市淮海新村,118.795523,32.042574
210,江苏省南京市三牌楼小区,118.772337,32.08656
211,江苏省南京市银河湾紫苑,118.926731,32.052649
212,江苏省南京市晶典国际大厦,118.7599,32.092034
213,江苏省南京市金达花园,118.774589,32.104899
214,江苏省南京市中南麒麟锦城,118.931567,32.054911
215,江苏省南京市楼子巷一三一巷,118.802422,32.064653
216,江苏省南京市长江路9号,118.795838,32.049246
217,江苏省南京市天地新城,118.8337,31.977304
218,江苏省南京市峨眉路小区,118.795776,32.068007
219,江苏省南京市大石桥10号,118.795007,32.06072
220,江苏省南京市华菁水苑,118.905983,31.891601
221,江苏省南京市东瓜圃桥,118.771929,32.088069
222,江苏省南京市新金贸花园,118.785582,32.088337
223,江苏省南京市新模范马路九号,118.780478,32.083239
224,江苏省南京市东白菜园小区,118.802047,32.044261
225,江苏省南京市宇业东方红郡,118.935796,32.054876
226,江苏省南京市麒麟山庄,118.94493,32.05745
227,江苏省南京市普华巷,118.806732,32.046446
228,江苏省南京市二条巷小区(秦淮),118.808518,32.043648
229,江苏省南京市凯润金城,118.791883,32.053602
230,江苏省南京市招商雍华府,118.758877,32.016129
231,江苏省南京市峨嵋新村,118.796519,32.067927
232,江苏省南京市世茂梦享家,118.903208,31.890646
233,江苏省南京市北西家大塘小区,118.79904,32.069342
234,江苏省南京市世茂滨江新城,118.741049,32.083213
235,江苏省南京市朗诗国际街区中园,118.729647,31.994966
241,江苏省南京市宏普捷座,118.740359,32.018646
242,江苏省南京市北秀村,118.781529,32.062275
243,江苏省南京市佳和园,118.73353,32.036603
244,江苏省南京市明园,118.751888,32.038207
245,江苏省南京市建宁路小区,118.765977,32.099814
246,江苏省南京市远洋国际中心,118.798923,32.04298
247,江苏省南京市雨润星雨华府,118.742358,32.033043
248,江苏省南京市昆仑路小区,118.794132,32.072141
249,江苏省南京市金基汇锦国际凌江府,118.727314,32.02994
250,江苏省南京市宁工新寓二村,118.743903,32.065386
251,江苏省南京市蓁巷小区,118.799407,32.058503
252,江苏省南京市保利梧桐语,118.917419,31.900072
253,江苏省南京市长江路9号,118.795838,32.049246
254,江苏省南京市育才公寓东片,118.738054,32.051432
255,江苏省南京市东方龙湖湾南湖苑(御山湖),118.900798,31.9268
256,江苏省南京市蓝岸亲水湾花园,118.829378,31.959753
257,江苏省南京市沙塘园,118.800769,32.058174
258,江苏省南京市云河湾,118.76843,32.027651
259,江苏省南京市麒麟山庄,118.94493,32.05745
260,江苏省南京市海峡城第二期,118.692702,31.987184
261,江苏省南京市青石村小区,118.78346,32.085284
262,江苏省南京市富升大厦,118.791661,32.07085
263,江苏省南京市高楼门,118.792738,32.070307
264,江苏省南京市清凉门小区,118.763332,32.0545
265,江苏省南京市莱蒙水榭春天花园,118.733416,32.028277
266,江苏省南京市新门口小区,118.773489,32.089207
267,江苏省南京市大锏银巷小区,118.784067,32.049704
268,江苏省南京市金基公寓,118.761378,32.043254
269,江苏省南京市清凉山庄,118.768318,32.052895
270,江苏省南京市万达西地,118.742029,32.036
271,江苏省南京市陶李王巷新苑,118.776142,32.045748
272,江苏省南京市程阁老巷小区,118.79157,32.040004
273,江苏省南京市傅厚岗小区,118.788292,32.070969
274,江苏省南京市文荟福邸,118.928332,32.058114
275,江苏省南京市万达紫金明珠,118.866191,32.021477
276,江苏省南京市云锦美地绮云居,118.772099,32.0273
277,江苏省南京市上海路新村,118.78141,32.05955
278,江苏省南京市峨眉路小区,118.795776,32.068007
279,江苏省南京市中南麒麟锦城,118.931567,32.054911
280,江苏省南京市云河湾,118.76843,32.027651
281,江苏省南京市东白菜园小区,118.802047,32.044261
282,江苏省南京市木马公寓,118.794062,32.057767
301,江苏省南京市二条巷小区(秦淮),118.808518,32.043648
302,江苏省南京市新河一村,118.742412,32.075046
303,江苏省南京市中海凯旋门,118.761588,32.090943
304,江苏省南京市二条巷小区(鼓楼),118.808518,32.043648
305,江苏省南京市开元新居,118.771023,32.051233
306,江苏省南京市钟麓花园,118.830474,32.079753
307,江苏省南京市紫竹林21号小区,118.779802,32.08893
308,江苏省南京市百合果园,118.743305,32.076255
309,江苏省南京市紫鑫中华广场,118.737087,32.018557
310,江苏省南京市琥珀巷小区,118.80628,32.03349
311,江苏省南京市锦盈大厦,118.791033,32.084808
312,江苏省南京市广东路小区,118.773489,32.089207
313,江苏省南京市芳草园,118.830056,32.137344
314,江苏省南京市苏宁乐瑰园,118.757266,32.051111
315,江苏省南京市御湖国际,118.812747,32.086282
316,江苏省南京市锁金四村,118.823144,32.079423
331,江苏省南京市秦淮四条巷小区,118.804875,32.041021
361,江苏省南京市南昌路小区,118.786073,32.085838
362,江苏省南京市教工新村,119.038233,31.647285
363,江苏省南京市兴江公寓,118.792622,32.068711
364,江苏省南京市紫鑫国际公寓,118.737126,32.017042
365,江苏省南京市银河湾花园,118.936811,32.057064
366,江苏省南京市华丰大厦,118.774089,32.077787
367,江苏省南京市百水家园,118.910523,32.054515
368,江苏省南京市上海路小区,118.780584,32.059367
369,江苏省南京市天正天御溪岸,118.911953,31.916587
370,江苏省南京市新河一村,118.742412,32.075046
371,江苏省南京市怡和佳苑,118.746238,32.047241
372,江苏省南京市中山骏景,118.761068,32.089644
373,江苏省南京市水关桥小区,118.764964,32.106287
374,江苏省南京市太平北路122号小区,118.803636,32.058386
375,江苏省南京市安将军巷,118.796503,32.053342
376,江苏省南京市锦绣花园,118.939756,32.063731
391,江苏省南京市福鑫国际大厦,118.793286,32.036084
392,江苏省南京市德盈大厦,118.745039,32.033544
393,江苏省南京市精金花园,118.736078,32.034418
394,江苏省南京市洪武路小区,118.793699,32.04167
395,江苏省南京市长江之家,118.738587,32.055641
396,江苏省南京市石婆婆巷小区,118.794195,32.062209
397,江苏省南京市上海路小区,118.780584,32.059367
398,江苏省南京市积善新寓.丰勤园,118.744288,32.029892
399,江苏省南京市雨润星雨华府,118.742358,32.033043
400,江苏省南京市中和桥30号,118.819611,32.022202
401,江苏省南京市华润悦府,118.750333,32.028466
402,江苏省南京市中海凯旋门,118.761588,32.090943
403,江苏省南京市富升大厦,118.791661,32.07085
404,江苏省南京市锁金二村,118.821054,32.07902
405,江苏省南京市水佐岗32巷小区,118.77097,32.075263
406,江苏省南京市韶山路小区,118.79353,32.09705
407,江苏省南京市上海路小区,118.780584,32.059367
408,江苏省南京市三牌楼小区,118.772337,32.08656
409,江苏省南京市锁金二村,118.821054,32.07902
410,江苏省南京市太平北路122号小区,118.803636,32.058386
421,江苏省南京市南秀大厦,118.780193,32.060566
422,江苏省南京市水佐岗小区,118.775074,32.072434
423,江苏省南京市黑龙江路2巷,118.788605,32.093589
424,江苏省南京市玉桥国际公寓,118.78753,32.098744
425,江苏省南京市陆家巷物业小区,118.789059,32.04413
426,江苏省南京市名嘉佳园,118.826482,31.973057
451,江苏省南京市鸡鸣山庄,118.798658,32.068102
452,江苏省南京市台城花园,118.801006,32.069109
453,江苏省南京市定淮门大街小区,118.746654,32.071233
454,江苏省南京市随园小区,118.783527,32.057225
455,江苏省南京市娃娃桥小区,118.798653,32.036919
456,江苏省南京市南方花园,118.827456,31.967064
457,江苏省南京市华富园,118.770591,32.088771
458,江苏省南京市水西门大街小区,118.76225,32.038659
459,江苏省南京市金港花园,118.838541,31.985963
460,江苏省南京市百水芊城怡水坊,118.914116,32.053851
461,江苏省南京市光华东街16号小区,118.825125,32.029838
462,江苏省南京市天山路小区,118.796179,32.068797
463,江苏省南京市木马公寓,118.794062,32.057767
464,江苏省南京市锦绣花园,118.939756,32.063731
465,江苏省南京市麒麟山庄,118.94493,32.05745
466,江苏省南京市恒基中心公寓,118.793131,32.060231
467,江苏省南京市居安里小区,118.795691,32.057433
468,江苏省南京市弘瑞广场,118.753767,32.022377
469,江苏省南京市学府风景,118.912831,31.930293
470,江苏省南京市百水芊城云水坊,118.91505,32.052241
471,江苏省南京市新泉里小区,118.78403,32.072253
472,江苏省南京市中海凤凰熙岸四期玺荟,118.76114,32.050069
473,江苏省南京市盈嘉青春渡,118.829349,31.974902
474,江苏省南京市湖心花园,118.759499,32.038518
475,江苏省南京市御湖国际,118.812747,32.086282
476,江苏省南京市银河湾紫苑,118.926731,32.052649
477,江苏省南京市狗耳巷小区,118.773601,32.083099
478,江苏省南京市尖角营小区,118.792921,32.062415
479,江苏省南京市芳草园,118.830056,32.137344
480,江苏省南京市锁金四村,118.823144,32.079423
481,江苏省南京市钟阜路小区,118.773991,32.093752
482,江苏省南京市世茂外滩新城,118.742681,32.087068
483,江苏省南京市慈悲社,118.786157,32.050555
484,江苏省南京市凯润金城,118.791883,32.053602
511,江苏省南京市阳光之旅,118.94017,32.057521
512,江苏省南京市德盈大厦,118.745039,32.033544
513,江苏省南京市利民新村,118.863199,31.960013
514,江苏省南京市四平苑,118.764127,32.101654
515,江苏省南京市迈皋桥街18号大院,118.815469,32.112776
516,江苏省南京市凤凰和熙.和熙翔苑,118.744221,32.021441
517,江苏省南京市弘瑞广场,118.753767,32.022377
518,江苏省南京市秦淮三条巷小区,118.807476,32.043736
519,江苏省南京市积善新寓.睦和园,118.742163,32.028722
520,江苏省南京市陶苑,118.904182,31.892904
521,江苏省南京市水月秦淮,118.800407,32.045139
522,江苏省南京市四平路小区,118.763535,32.101845
523,江苏省南京市锦绣花园,118.939756,32.063731
524,江苏省南京市洪庙巷小区,118.769378,32.089178
525,江苏省南京市华汇康城一期,118.939268,32.054929
526,江苏省南京市东渡新锐大厦,118.729025,32.014704
527,江苏省南京市玉桥国际公寓,118.78753,32.098744
528,江苏省南京市南方花园,118.827456,31.967064
529,江苏省南京市清河新寓二村,118.736077,32.047778
530,江苏省南京市盈家春天花园,118.829065,31.976239
531,江苏省南京市洪武路小区,118.793699,32.04167
532,江苏省南京市廖家巷小区,118.790722,32.091045
533,江苏省南京市舸舫西园,118.741737,32.070936
534,江苏省南京市高楼门,118.792738,32.070307
535,江苏省南京市玉桥国际公寓,118.78753,32.098744
536,江苏省南京市红庙小区,118.796811,32.054333
537,江苏省南京市大钟新村,118.791854,32.06741
538,江苏省南京市辰龙绿苑东苑,118.740941,32.051622
539,江苏省南京市恒基中心公寓,118.793131,32.060231
540,江苏省南京市盛和家园,118.896567,32.039931
541,江苏省南京市晶典国际大厦,118.7599,32.092034
542,江苏省南京市长江新村,118.783144,32.088128
571,江苏省南京市鸡鸣山庄,118.798658,32.068102
572,江苏省南京市南湾营宁康苑,118.912006,32.047747
573,江苏省南京市东方龙湖湾南湖苑(御山湖),118.900798,31.9268
574,江苏省南京市莱蒙水榭春天花园,118.733416,32.028277
575,江苏省南京市东柏果园,118.778602,32.084962
576,江苏省南京市华隆新寓,118.751117,32.022028
577,江苏省南京市长发都市蓝瑟,118.746882,32.035549
578,江苏省南京市珠江路小区,118.795519,32.056603
579,江苏省南京市大桥新村,118.75786,32.108278
580,江苏省南京市福鑫国际大厦,118.793286,32.036084
581,江苏省南京市傅厚岗小区,118.788292,32.070969
582,江苏省南京市岗子村63号小区,118.824487,32.070144
583,江苏省南京市金马郦城西区,118.721453,32.012936
584,江苏省南京市中海凤凰熙岸,118.76246,32.049736
601,江苏省南京市洪武大厦,118.79403,32.039411
602,江苏省南京市峨眉公寓,118.793488,32.068747
603,江苏省南京市盛和家园,118.896567,32.039931
604,江苏省南京市胜泰新寓,118.821843,31.951655
605,江苏省南京市美丽嘉园,118.742108,32.025889
606,江苏省南京市正泰大厦,118.746267,32.070158
607,江苏省南京市竺桥小区,118.811032,32.052102
608,江苏省南京市中海凯旋门,118.761588,32.090943
609,江苏省南京市东郊小镇第七街区,118.955203,32.065445
610,江苏省南京市天地新城,118.8337,31.977304
611,江苏省南京市广兴花园,118.859195,31.949272
612,江苏省南京市宁工新寓二村,118.743903,32.065386
613,江苏省南京市中海凯旋门,118.761588,32.090943
614,江苏省南京市芝嘉东苑,118.920675,32.064408
615,江苏省南京市中商万豪中心,118.776617,32.075999
616,江苏省南京市香铺营小区,118.796529,32.053063
617,江苏省南京市天地新城,118.8337,31.977304
618,江苏省南京市银城聚福园东园,118.743929,32.055986
619,江苏省南京市校门口1号小区,118.765928,32.082061
620,江苏省南京市百水芊城怡水坊,118.914116,32.053851
621,江苏省南京市户部街,118.796107,32.041686
622,江苏省南京市黑龙江路十二巷,118.781726,32.09322
623,江苏省南京市华荣大厦,118.788984,32.051969
631,江苏省南京市莲花新城南苑,118.720369,31.967761
632,江苏省南京市升龙天汇,118.704872,31.971217
633,江苏省南京市五所村小区,118.767833,32.097199
634,江苏省南京市厚载巷小区,118.789875,32.068896
635,江苏省南京市君临国际,118.788857,32.055886
636,江苏省南京市金海园,118.748588,32.062135
637,江苏省南京市世茂外滩新城,118.742681,32.087068
638,江苏省南京市昆仑路小区,118.794132,32.072141
639,江苏省南京市育才公寓西片,118.736203,32.051774
640,江苏省南京市莱茵东郡,118.870833,31.940164
641,江苏省南京市王府园,115.986083,39.649977
642,江苏省南京市校门口小区,118.765242,32.083265
643,江苏省南京市证大喜玛拉雅,118.810565,31.972651
644,江苏省南京市红花地小区,118.801317,32.0427
645,江苏省南京市宝苑新寓,118.741776,32.065274
646,江苏省南京市芳草园,118.830056,32.137344
647,江苏省南京市狗耳巷小区,118.773601,32.083099
648,江苏省南京市望江新寓,118.740423,32.048238
649,江苏省南京市华富园,118.770591,32.088771
650,江苏省南京市佳和园,118.73353,32.036603
651,江苏省南京市港宁园小区,118.769954,32.091267
652,江苏省南京市五台花园,118.783184,32.054735
653,江苏省南京市石头城,118.757598,32.066435
654,江苏省南京市蓁巷小区,118.799407,32.058503
655,江苏省南京市青石村小区,118.78346,32.085284
656,江苏省南京市武夷名仕园,118.900111,31.887561
657,江苏省南京市竺桥小区,118.811032,32.052102
658,江苏省南京市南湾营文康苑,118.902624,32.044232
659,江苏省南京市观山悦,118.682915,32.109106
660,江苏省南京市水佐岗小区,118.775074,32.072434
661,江苏省南京市武夷绿洲,118.849478,31.933444
662,江苏省南京市东渡国际青年城,118.845356,31.937749
663,江苏省南京市21世纪国际公寓,118.833859,31.933619
664,江苏省南京市南方花园,118.827456,31.967064
665,江苏省南京市武夷路小区,118.774725,32.064071
666,江苏省南京市千秋公寓,118.772344,32.075995
667,江苏省南京市景枫你山,118.900165,31.900767
668,江苏省南京市城市之光国际公寓,118.886746,31.945501
669,江苏省南京市东郊小镇第三街区,118.95752,32.065878
670,江苏省南京市月光广场,118.75234,32.065296
671,江苏省南京市锁金村80号,118.818794,32.080359
672,江苏省南京市锦绣花园,118.939756,32.063731
673,江苏省南京市凯润金城,118.791883,32.053602
674,江苏省南京市世茂荣里二期,118.681645,32.112981
675,江苏省南京市中粮祥云,118.903569,31.921618
676,江苏省南京市珍珠园,118.692629,32.121227
677,江苏省南京市芳草园,118.830056,32.137344
678,江苏省南京市清辉园,118.713166,31.971062
679,江苏省南京市武夷名仕园,118.900111,31.887561
680,江苏省南京市中海凯旋门,118.761588,32.090943
681,江苏省南京市清河新寓一村,118.73785,32.047748
682,江苏省南京市明发城市广场,118.692543,32.111296
683,江苏省南京市恒大滨江,118.769499,32.08241
684,江苏省南京市大钟新村,118.791854,32.06741
685,江苏省南京市滨江广场,118.745361,32.064163
686,江苏省南京市卫岗西8号,118.843797,32.045562
687,江苏省南京市中山北路小区,118.75002,32.091168
688,江苏省南京市东白菜园小区,118.802047,32.044261
689,江苏省南京市天地花园,118.835968,32.02972
690,江苏省南京市新门口18号院,118.77436,32.092378
691,江苏省南京市盛泉新城,118.686705,32.116347
692,江苏省南京市世茂外滩新城,118.742681,32.087068
693,江苏省南京市蓝天园,118.753936,32.058971
694,江苏省南京市苏宁乐瑰园,118.757266,32.051111
695,江苏省南京市莲花新城南苑,118.720369,31.967761
696,江苏省南京市启迪方洲,118.91258,32.032652
697,江苏省南京市水佐岗48巷小区,118.770959,32.076649
698,江苏省南京市三步两桥,118.773157,32.079234
699,江苏省南京市银城聚锦园,118.743089,32.049537
700,江苏省南京市金湾花园,118.740057,32.061841
701,江苏省南京市东郊小镇第八街区,118.953535,32.063079
702,江苏省南京市世茂外滩新城,118.742681,32.087068
703,江苏省南京市大新华府,118.710878,32.101288
704,江苏省南京市中海凯旋门,118.761588,32.090943
705,江苏省南京市翰香苑,118.902511,31.89378
706,江苏省南京市中保绿苑,118.744536,32.061195
707,江苏省南京市商苑新村,118.905404,31.931324
708,江苏省南京市高云岭小区,118.790034,32.069567
709,江苏省南京市清凉山庄,118.768318,32.052895
710,江苏省南京市长江花园(玄武),118.793171,32.054201
711,江苏省南京市南湾营馨康苑,118.89964,32.041677
712,江苏省南京市精金花园,118.736078,32.034418
713,江苏省南京市童家山2号小区,118.765402,32.076214
714,江苏省南京市百水芊城春水坊,118.91095,32.051424
715,江苏省南京市华茂大厦,118.745549,32.058072
716,江苏省南京市五矿九玺台,118.892751,31.915564
717,江苏省南京市王府园,115.986083,39.649977
718,江苏省南京市佳盛花园,118.751885,32.07508
719,江苏省南京市中央金地,118.776003,32.098002
720,江苏省南京市鼓楼青云巷小区,118.78695,32.071781
721,江苏省南京市慈悲社,118.786157,32.050555
722,江苏省南京市洪武路小区,118.793699,32.04167
723,江苏省南京市幸福城茉莉园,118.92202,32.047707
724,江苏省南京市武夷名仕园,118.900111,31.887561
725,江苏省南京市石头城,118.757598,32.066435
726,江苏省南京市世茂荣里,118.685041,32.112044
727,江苏省南京市北四卫头小区,118.776184,32.073527
728,江苏省南京市天玺国际广场,118.73653,32.049656
729,江苏省南京市鼓教新村,118.743086,32.069032
730,江苏省南京市三牌楼小区,118.772337,32.08656
731,江苏省南京市裕顺雅苑,118.751976,32.069372
732,江苏省南京市柳营农机所,118.883348,32.04818
733,江苏省南京市天地新城,118.8337,31.977304
734,江苏省南京市翰香苑,118.902511,31.89378
735,江苏省南京市淮海新村,118.795523,32.042574
736,江苏省南京市中商万豪中心,118.776617,32.075999
737,江苏省南京市恒盛金陵湾,118.739571,32.074772
738,江苏省南京市南秀大厦,118.780193,32.060566
739,江苏省南京市中南园,118.77155,32.090044
740,江苏省南京市宝地园,118.750011,32.066849
741,江苏省南京市钟阜大厦,118.769074,32.087949
742,江苏省南京市大纱帽巷40号小区,118.798334,32.056511
743,江苏省南京市归云堂十五巷,118.755892,32.085609
744,江苏省南京市定淮门小区,118.756019,32.074835
745,江苏省南京市天地花园,118.835968,32.02972
746,江苏省南京市大里聚福城,118.880936,32.00216
747,江苏省南京市银城花园北片,118.737897,32.058044
748,江苏省南京市西桥小区,118.778627,32.068611
749,江苏省南京市江宁银亿东城十一街区,118.95243,32.071262
750,江苏省南京市宝地园,118.750011,32.066849
751,江苏省南京市石头城,118.757598,32.066435
752,江苏省南京市世茂荣里,118.685041,32.112044
753,江苏省南京市银城一方山,118.899013,31.88465
754,江苏省南京市模范马路小区,118.775627,32.08386
755,江苏省南京市玉桥国际公寓,118.78753,32.098744
756,江苏省南京市利民东村小区,118.766778,32.031211
757,江苏省南京市天印花园,118.862237,31.94291
758,江苏省南京市莫愁花园牡丹里,118.751004,32.044992
759,江苏省南京市洪武大厦,118.79403,32.039411
760,江苏省南京市万裕龙庭水岸,118.912429,31.914287
761,江苏省南京市三钢生活区,118.821603,31.96647
762,江苏省南京市庆盛园,118.858809,32.025304
763,江苏省南京市宜家国际公寓,118.916016,31.913358
764,江苏省南京市弘辉龙江里,118.745535,32.058923
765,江苏省南京市恒盛金陵湾,118.739571,32.074772
766,江苏省南京市阳光里小区,118.8096,32.004018
767,江苏省南京市莱茵铂郡,118.866066,31.941344
768,江苏省南京市曙光新村,118.823551,32.042251
769,江苏省南京市清江花苑,118.748423,32.073524
770,江苏省南京市银亿东城第九街区,118.952767,32.068111
771,江苏省南京市祁家桥小区,118.77342,32.077565
772,江苏省南京市五矿澜悦方山,118.902638,31.88368
773,江苏省南京市辰龙雅苑,118.740115,32.060568
774,江苏省南京市丽晶国际,118.754487,32.073311
775,江苏省南京市武夷名仕园,118.900111,31.887561
776,江苏省南京市新河一村,118.742412,32.075046
777,江苏省南京市东郊小镇第四街区,118.956786,32.06116
778,江苏省南京市金马郦城西区,118.721453,32.012936
779,江苏省南京市莫愁新寓荷花里,118.763365,32.044081
780,江苏省南京市百水芊城上水坊,118.91231,32.055059
781,江苏省南京市西瓜圃桥,118.770546,32.087709
782,江苏省南京市清河雅苑,118.726813,32.037433
783,江苏省南京市南湾营宁康苑,118.912006,32.047747
784,江苏省南京市博学苑银杏园,118.907207,31.929282
785,江苏省南京市绒庄新村,118.787614,32.035673
786,江苏省南京市王府园,115.986083,39.649977
787,江苏省南京市天玺国际广场,118.73653,32.049656
788,江苏省南京市明发城市广场,118.692543,32.111296
789,江苏省南京市中商万豪中心,118.776617,32.075999
790,江苏省南京市广兴花园,118.859195,31.949272
791,江苏省南京市深业滨江半岛(深悦滨江公寓),118.746148,32.103201
792,江苏省南京市龙湖新壹城,118.910223,31.919175
793,江苏省南京市龙湖新壹城,118.910223,31.919175
794,江苏省南京市玉桥国际公寓,118.78753,32.098744
795,江苏省南京市芳草园,118.830056,32.137344
796,江苏省南京市辰龙雅苑,118.740115,32.060568
797,江苏省南京市招商方山里花园,118.903285,31.886109
798,江苏省南京市白云园小区,118.750339,32.060834
799,江苏省南京市镇江路41号小区,118.759463,32.084236
800,江苏省南京市丹凤新寓,118.794237,32.059511
801,江苏省南京市水佑岗小区,118.769881,32.073291
802,江苏省南京市宜家国际公寓,118.916016,31.913358
803,江苏省南京市港龙园,118.754096,32.06675
804,江苏省南京市东郊小镇第七街区,118.955203,32.065445
805,江苏省南京市高楼门,118.792738,32.070307
806,江苏省南京市中海凯旋门,118.761588,32.090943
807,江苏省南京市宁夏路小区,118.772708,32.072523
808,江苏省南京市鸿意万嘉,118.862721,31.937443
809,江苏省南京市滨江广场,118.745361,32.064163
810,江苏省南京市清凉门小区,118.763332,32.0545
811,江苏省南京市钟阜大厦,118.769074,32.087949
812,江苏省南京市世茂滨江新城,118.741049,32.083213
813,江苏省南京市德基紫金南苑,118.855317,32.028712
814,江苏省南京市观山悦,118.682915,32.109106
815,江苏省南京市杏聚村,118.756543,32.053048
816,江苏省南京市世纪之星,118.744787,32.046707
817,江苏省南京市学府风景,118.912831,31.930293
818,江苏省南京市盛和家园,118.896567,32.039931
819,江苏省南京市闻涛公寓,118.742612,32.060989
820,江苏省南京市二条巷小区(秦淮),118.808518,32.043648
821,江苏省南京市翰香苑,118.902511,31.89378
822,江苏省南京市莱茵小镇,118.867713,31.941775
823,江苏省南京市世茂梦享家,118.903208,31.890646
824,江苏省南京市童卫路小区,118.845783,32.042298
825,江苏省南京市观山悦,118.682915,32.109106
826,江苏省南京市三步两桥,118.773157,32.079234
827,江苏省南京市银亿东城第九街区,118.952767,32.068111
828,江苏省南京市万裕龙庭水岸,118.912429,31.914287
829,江苏省南京市锁金一村,118.821588,32.077229
830,江苏省南京市邮政世纪花园,118.74469,32.046832
831,江苏省南京市竹山雅居,118.853243,31.944196
832,江苏省南京市水佐岗32巷小区,118.77097,32.075263
833,江苏省南京市长江路9号,118.795838,32.049246
834,江苏省南京市宁工新寓一村,118.741226,32.063902
835,江苏省南京市银城花园北片,118.737897,32.058044
836,江苏省南京市水佐岗48巷小区,118.770959,32.076649
837,江苏省南京市天玺国际广场,118.73653,32.049656
838,江苏省南京市世茂荣里二期,118.681645,32.112981
839,江苏省南京市东九儿园,118.805947,32.031976
840,江苏省南京市万达西地,118.742029,32.036
841,江苏省南京市南湾营文康苑,118.902624,32.044232
842,江苏省南京市德基紫金南苑,118.855317,32.028712
843,江苏省南京市正泰大厦,118.746267,32.070158
844,江苏省南京市城市之光国际公寓,118.886746,31.945501
845,江苏省南京市中海凯旋门,118.761588,32.090943
846,江苏省南京市中商万豪中心,118.776617,32.075999
847,江苏省南京市托乐嘉贵邻居,118.791757,31.952306
848,江苏省南京市新巷2-20号,118.803818,32.04444
849,江苏省南京市世茂滨江新城,118.741049,32.083213
850,江苏省南京市水佐岗32巷小区,118.77097,32.075263
851,江苏省南京市东郊小镇第二街区,118.959341,32.05884
852,江苏省南京市华荣大厦,118.788984,32.051969
853,江苏省南京市五岳国际公寓,118.777997,32.094214
854,江苏省南京市金穗花园,118.718681,31.974416
855,江苏省南京市石头城,118.757598,32.066435
856,江苏省南京市洪武路小区,118.793699,32.04167
857,江苏省南京市锁金村4号,118.821598,32.074025
858,江苏省南京市张王庙,118.785181,32.106567
859,江苏省南京市莲花新城南苑,118.720369,31.967761
860,江苏省南京市中商万豪中心,116.440805,39.910713
861,江苏省南京市蓁巷小区,118.799407,32.058503
862,江苏省南京市长虹路后街小区,118.771509,32.035974
863,江苏省南京市水佐岗48巷小区,118.770959,32.076649
864,江苏省南京市新民路小区,118.655713,32.034242
865,江苏省南京市武定新村,118.811204,32.017938
866,江苏省南京市康藏路小区,118.769298,32.076516
867,江苏省南京市辰龙雅苑,118.740115,32.060568
868,江苏省南京市百合果园,118.743305,32.076255
869,江苏省南京市方山熙园,118.9093,31.933526
870,江苏省南京市水佐岗48巷小区,118.770959,32.076649
871,江苏省南京市百合果园,118.743305,32.076255
872,江苏省南京市中海凤凰熙岸四期玺荟,118.76114,32.050069
873,江苏省南京市武夷名仕园,118.900111,31.887561
874,江苏省南京市龙湖新壹城,118.910223,31.919175
875,江苏省南京市南湾营文康苑,118.902624,32.044232
876,江苏省南京市骋望骊都,118.901304,31.889347
877,江苏省南京市金川雅苑,118.767362,32.093457
878,江苏省南京市翠屏紫气钟山,118.901935,32.091962
879,江苏省南京市苏城北苑,118.75056,32.056299
880,江苏省南京市元隆府邸,118.742319,32.060754
881,江苏省南京市丰富路小区,118.785763,32.040357
882,江苏省南京市大纱帽巷38号小区,118.799361,32.05688
883,江苏省南京市印湖山庄,118.879498,31.921113
884,江苏省南京市江苏路小区,118.776538,32.070645
885,江苏省南京市清荷园北园,118.723254,31.978879
886,江苏省南京市大方巷小区,118.779434,32.070279
887,江苏省南京市百子亭小区,118.793538,32.07333
888,江苏省南京市升龙天汇,118.704872,31.971217
889,江苏省南京市骋望骊都,118.901304,31.889347
890,江苏省南京市高楼门,118.792738,32.070307
901,江苏省南京市花神美境,118.800692,31.988352
902,江苏省南京市陶苑,118.904182,31.892904
903,江苏省南京市东郊小镇第三街区,118.95752,32.065878
904,江苏省南京市幸福城茉莉园,118.92202,32.047707
905,江苏省南京市水佐岗小区,118.775074,32.072434
906,江苏省南京市莲花新城南苑,118.720369,31.967761
907,江苏省南京市盛和家园,118.896567,32.039931
908,江苏省南京市证大大拇指,118.756115,31.96253
909,江苏省南京市芳草园,118.830056,32.137344
910,江苏省南京市恒盛金陵湾,118.739571,32.074772
911,江苏省南京市银城花园北片,118.737897,32.058044
912,江苏省南京市南湾营文康苑,118.902624,32.044232
913,江苏省南京市印湖山庄,118.879498,31.921113
914,江苏省南京市宁工新寓一村,118.741226,32.063902
915,江苏省南京市精金花园,118.736078,32.034418
916,江苏省南京市金地苑,118.752667,32.048614
917,江苏省南京市天玺国际广场,118.73653,32.049656
918,江苏省南京市莱茵小镇,118.867713,31.941775
919,江苏省南京市苹果都市,118.871568,31.942832
920,江苏省南京市世茂梦享家,118.903208,31.890646
921,江苏省南京市狗耳巷小区,118.773601,32.083099
922,江苏省南京市工人新村,118.627732,32.061277
923,江苏省南京市德基紫金南苑,118.855317,32.028712
924,江苏省南京市景枫法兰谷,118.902254,31.904622
925,江苏省南京市天玺国际广场,118.73653,32.049656
926,江苏省南京市文博苑,118.917699,31.91075
927,江苏省南京市一枝园,118.799767,32.054268
928,江苏省南京市虎踞关小区,118.770123,32.057525
929,江苏省南京市融侨世家,118.883121,31.941009
930,江苏省南京市中央金地,118.776003,32.098002
931,江苏省南京市中和园,118.729127,31.985059
932,江苏省南京市协众雅居,118.90754,31.921659
933,江苏省南京市东郊小镇第二街区,118.959341,32.05884
934,江苏省南京市新城市虹桥中心,118.769024,32.082702
935,江苏省南京市景枫你山,118.900165,31.900767
936,江苏省南京市汇景新苑,118.856202,31.968955
937,江苏省南京市苏宁雅瑰园,118.744056,32.054511
938,江苏省南京市银城花园北片,118.737897,32.058044
939,江苏省南京市东方名苑,118.788352,32.044827
940,江苏省南京市琅琊新村,118.770594,32.070612
941,江苏省南京市钟阜大厦,118.769074,32.087949
942,江苏省南京市场门口小区,118.802755,32.04535
943,江苏省南京市凤凰西街128-138号小区,118.758988,32.047377
944,江苏省南京市麒麟山庄,118.94493,32.05745
945,江苏省南京市银城街小区,118.743363,32.058568
946,江苏省南京市高教新村,118.740338,32.062829
947,江苏省南京市芦席营小区,118.786521,32.082565
948,江苏省南京市钟山山庄,118.837825,32.085851
949,江苏省南京市银城街,118.741195,32.059332
950,江苏省南京市苏宁千秋情缘,118.749315,32.053535
951,江苏省南京市清辉园,118.713166,31.971062
952,江苏省南京市协众雅居,118.90754,31.921659
953,江苏省南京市丽晶国际,118.754487,32.073311
954,江苏省南京市宁工新寓一村,118.741226,32.063902
955,江苏省南京市场门口小区,118.802755,32.04535
956,江苏省南京市莱茵铂郡,118.866066,31.941344
957,江苏省南京市银城聚福园西园,118.741263,32.056496
958,江苏省南京市东郊小镇第二街区,118.959341,32.05884
959,江苏省南京市莲花新城南苑,118.720369,31.967761
960,江苏省南京市苏宁馨瑰园,118.739186,32.053434
961,江苏省南京市时代天地广场,118.741925,32.049289
962,江苏省南京市学府风景,118.912831,31.930293
963,江苏省南京市景枫你山,118.900165,31.900767
964,江苏省南京市康怡花园,118.749745,32.044439
965,江苏省南京市黑龙江路十二巷,118.781726,32.09322
966,江苏省南京市江苏路小区,118.776538,32.070645
967,江苏省南京市东方龙湖湾东湖苑,118.904827,31.926214
968,江苏省南京市武夷名仕园,118.900111,31.887561
969,江苏省南京市莫愁大厦,118.769539,32.036922
970,江苏省南京市万裕龙庭水岸,118.912429,31.914287
971,江苏省南京市云河湾七号公馆,118.769134,32.028319
972,江苏省南京市宁工新寓二村,118.743903,32.065386
973,江苏省南京市百合果园,118.743305,32.076255
974,江苏省南京市市政天元城,118.859869,31.947736
975,江苏省南京市南湾营煦康苑,118.902822,32.041579
976,江苏省南京市北门桥路高层住宅小区,118.794636,32.055217
977,江苏省南京市石门坎小区,118.829369,32.023539
978,江苏省南京市悦民二期,118.929909,32.055478
979,江苏省南京市世茂荣里,118.685041,32.112044
980,江苏省南京市麒麟紫荆城锁石苑,118.933746,32.048293
981,江苏省南京市白云园小区,118.750339,32.060834
982,江苏省南京市天正天御溪岸,118.911953,31.916587
983,江苏省南京市尚景公寓,118.853379,31.936287
984,江苏省南京市托乐嘉友邻居,118.794882,31.952606
985,江苏省南京市锦盈大厦,118.791033,32.084808
986,江苏省南京市宁工新寓一村,118.741226,32.063902
987,江苏省南京市清江西苑,118.746088,32.073429
988,江苏省南京市升龙汇金中心,118.717632,31.987351
989,江苏省南京市典雅居,118.743878,32.044055
990,江苏省南京市盛和家园,118.896567,32.039931
991,江苏省南京市育才公寓东片,118.738054,32.051432
992,江苏省南京市南湾营宁康苑,118.912006,32.047747
993,江苏省南京市苏州路小区,118.776676,32.062758
994,江苏省南京市阳光广场,118.75208,32.062794
995,江苏省南京市精金花园,118.736078,32.034418
996,江苏省南京市估依廊小区,118.79308,32.052489
997,江苏省南京市逸境南苑,118.842606,32.020673
998,江苏省南京市新门口小区,118.773489,32.089207
999,江苏省南京市天玺国际广场,118.73653,32.049656
1000,江苏省南京市天玺国际广场,118.73653,32.049656
1001,江苏省南京市南东瓜市小区,118.779448,32.058256
1002,江苏省南京市银嘉公寓,118.740738,32.059797
1003,江苏省南京市五矿澜悦方山,118.902638,31.88368
1004,江苏省南京市精金花园,118.736078,32.034418
1005,江苏省南京市东方龙湖湾西湖苑(湖语山),118.903412,31.922675
1006,江苏省南京市金陵御花园,118.817311,32.065594
1007,江苏省南京市象山雅苑,118.770245,32.105333
1008,江苏省南京市盛和家园,118.896567,32.039931
1009,江苏省南京市翰香苑,118.902511,31.89378
1010,江苏省南京市苏宁乐瑰园,118.757266,32.051111
1011,江苏省南京市南湾营馨康苑,118.89964,32.041677
1012,江苏省南京市天堂街小区,118.785067,32.045947
1013,江苏省南京市鲁迅园,118.767473,32.083822
1014,江苏省南京市天玺国际广场,118.73653,32.049656
1015,江苏省南京市盛和家园,118.896567,32.039931
1016,江苏省南京市莲花新城南苑,118.720369,31.967761
1017,江苏省南京市王府园,115.986083,39.649977
1018,江苏省南京市龙湖新壹城,118.910223,31.919175
1019,江苏省南京市三牌楼小区,118.772337,32.08656
1020,江苏省南京市老菜市,118.773067,32.07467
1021,江苏省南京市弘嘉国际公寓,118.788064,32.045663
1022,江苏省南京市天地新城,118.8337,31.977304
1023,江苏省南京市西祠胡同,118.753905,32.044202
1024,江苏省南京市板仓街小区,118.828199,32.076555
1025,江苏省南京市三牌楼小区,118.772337,32.08656
1026,江苏省南京市泰格公寓,118.90125,32.056238
1027,江苏省南京市金银街小区,118.782133,32.063774
1028,江苏省南京市东井一村,118.803825,32.104202
1029,江苏省南京市翰香苑,118.902511,31.89378
1030,江苏省南京市百水芊城怡水坊,118.914116,32.053851
1031,江苏省南京市南湾营融康苑,118.906855,32.047525
1032,江苏省南京市龙王庙小区,118.795093,32.038352
1033,江苏省南京市校门口1号小区,118.765928,32.082061
1034,江苏省南京市锦盈大厦,118.791033,32.084808
1035,江苏省南京市万裕龙庭水岸,118.912429,31.914287
1036,江苏省南京市银城花园北片,118.737897,32.058044
1037,江苏省南京市南湾营宁康苑,118.912006,32.047747
1038,江苏省南京市莱茵东郡,118.870833,31.940164
1039,江苏省南京市银城一方山,118.899013,31.88465
1040,江苏省南京市华阳佳园,118.752794,32.050328
1041,江苏省南京市凤台南路小区,118.76269,32.007437
1042,江苏省南京市木马公寓,118.794062,32.057767
1043,江苏省南京市金城花园,118.815281,32.039048
1044,江苏省南京市龙凤花园,118.752491,32.056102
1045,江苏省南京市天正天御溪岸,118.911953,31.916587
1046,江苏省南京市东郊小镇第八街区,118.953535,32.063079
1047,江苏省南京市仁恒江湾城一期,118.718793,32.005354
1048,江苏省南京市东郊小镇第一街区,118.964301,32.059249
1049,江苏省南京市苏宁璞邸花园,118.743273,32.071589
1050,江苏省南京市方山熙园,118.9093,31.933526
1051,江苏省南京市东郊小镇第六街区,118.955564,32.063192
1052,江苏省南京市华静家园,118.797256,32.019156
1053,江苏省南京市金贸新寓,118.768484,32.044919
1054,江苏省南京市东郊小镇第一街区,118.964301,32.059249
1055,江苏省南京市丽晶国际,118.754487,32.073311
1056,江苏省南京市安康小区,118.756598,32.030858
1057,江苏省南京市廖家巷小区,118.790722,32.091045
1058,江苏省南京市盛泉新城,118.686705,32.116347
1059,江苏省南京市东柏果园,118.778602,32.084962
1060,江苏省南京市金穗花园,118.718681,31.974416
1061,江苏省南京市银城聚泽园,118.746691,32.048581
1062,江苏省南京市永嘉年华,118.745561,32.05655
1063,江苏省南京市21世纪国际公寓,118.833859,31.933619
1064,江苏省南京市文博苑,118.917699,31.91075
1065,江苏省南京市金舟花园,118.744314,32.057256
1066,江苏省南京市省中杏苑,118.781588,32.04702
1067,江苏省南京市时代天地广场,118.741925,32.049289
1068,江苏省南京市金陵王榭,118.800857,32.009409
1069,江苏省南京市银城花园南片,118.737672,32.058516
1070,江苏省南京市临江新寓,118.734799,32.048601
1071,江苏省南京市三步两桥,118.773157,32.079234
1072,江苏省南京市银城聚福园东园,118.743929,32.055986
1073,江苏省南京市水佐岗48巷小区,118.770959,32.076649
1074,江苏省南京市马家街小区,118.788518,32.07948
1075,江苏省南京市水佐岗32巷小区,118.77097,32.075263
1076,江苏省南京市中海凯旋门,118.761588,32.090943
1077,江苏省南京市江雁依山郡花园,118.776202,32.112995
1078,江苏省南京市黑龙江路十二巷,118.781726,32.09322
1079,江苏省南京市北京东路小区,118.809735,32.064414
1080,江苏省南京市富力城,118.887949,32.017437
1081,江苏省南京市天玺国际广场,118.73653,32.049656
1082,江苏省南京市大纱帽巷38号小区,118.799361,32.05688
1083,江苏省南京市黑龙江路28号,118.779187,32.094456
1084,江苏省南京市金龙花园,118.850807,32.023841
1085,江苏省南京市中商万豪中心,118.776617,32.075999
1086,江苏省南京市世茂滨江新城,118.741049,32.083213
1087,江苏省南京市曲水文华苑,118.755398,32.056417
1111,江苏省南京市莫愁路小区,118.906852,31.901851
1112,江苏省南京市宜家国际公寓,118.916016,31.913358
1113,江苏省南京市精金花园,118.736078,32.034418
1114,江苏省南京市中南世纪雅苑,118.916702,32.043186
1115,江苏省南京市万裕龙庭水岸,118.912429,31.914287
1116,江苏省南京市月光广场,118.75234,32.065296
1117,江苏省南京市时代华府,118.796858,32.063219
1118,江苏省南京市水佐岗48巷小区,118.770959,32.076649
1119,江苏省南京市骋望骊都,118.901304,31.889347
1120,江苏省南京市石婆婆巷小区,118.794195,32.062209
1121,江苏省南京市大方巷小区,118.779434,32.070279
1122,江苏省南京市清江花苑,118.748423,32.073524
1123,江苏省南京市南湾营煦康苑,118.902822,32.041579
1124,江苏省南京市清河新寓二村,118.736077,32.047778
1125,江苏省南京市人和街小区,118.777391,32.074784
1126,江苏省南京市凤凰西街263号,118.755287,32.04628
1127,江苏省南京市世茂荣里,118.685041,32.112044
1128,江苏省南京市城市之光国际公寓,118.886746,31.945501
1129,江苏省南京市龙湖紫都城,118.786223,32.098819
1130,江苏省南京市麒麟紫荆城泉水苑,118.931009,32.050815
1131,江苏省南京市银城花园北片,118.737897,32.058044
1132,江苏省南京市东郊小镇第三街区,118.95752,32.065878
1133,江苏省南京市银城一方山,118.899013,31.88465
1134,江苏省南京市玉泉路小区,118.773539,32.065377
1135,江苏省南京市精锐SOHO,118.780951,32.02589
1141,江苏省南京市观山悦,118.682915,32.109106
1142,江苏省南京市水佐岗48巷小区,118.770959,32.076649
1143,江苏省南京市龙凤花园,118.752491,32.056102
1144,江苏省南京市东渡国际青年城,118.845356,31.937749
1145,江苏省南京市阳光广场,118.75208,32.062794
1146,江苏省南京市阳光金峰阁,118.746952,32.06252
1147,江苏省南京市玉桥国际公寓,118.78753,32.098744
1148,江苏省南京市南湾营馨康苑,118.89964,32.041677
1149,江苏省南京市辰龙雅苑,118.740115,32.060568
1150,江苏省南京市苏宁睿城,118.728196,32.039026
1151,江苏省南京市中央金地,118.776003,32.098002
1171,江苏省南京市三步两桥,118.773157,32.079234
1172,江苏省南京市苏宁睿城,118.728196,32.039026
1173,江苏省南京市太平北路122号小区,118.803636,32.058386
1174,江苏省南京市证大大拇指,118.756115,31.96253
1175,江苏省南京市芳草园,118.830056,32.137344
1176,江苏省南京市水佑岗小区,118.769881,32.073291
1177,江苏省南京市鱼市街小区,118.794542,32.056978
1178,江苏省南京市工人新村,118.627732,32.061277
1179,江苏省南京市银城一方山,118.899013,31.88465
1180,江苏省南京市小里新寓,118.857713,31.958441
1181,江苏省南京市湖心花园,118.759499,32.038518
1182,江苏省南京市金川雅苑,118.767362,32.093457
1183,江苏省南京市汇贤居,118.748346,32.056412
1184,江苏省南京市百水家园,118.910523,32.054515
1185,江苏省南京市洪武公馆,118.793173,32.041579
1186,江苏省南京市天都芳庭,118.756946,32.021875
1187,江苏省南京市钟阜大厦,118.769074,32.087949
1188,江苏省南京市启迪方洲,118.91258,32.032652
1189,江苏省南京市武夷名仕园,118.900111,31.887561
1190,江苏省南京市莲花新城嘉园,118.72315,31.970982
1191,江苏省南京市文鼎雅苑,118.918684,31.915326
1192,江苏省南京市滨江奥城听雨苑,118.726644,32.022004
1193,江苏省南京市迈皋桥街22号,118.816113,32.112592
1194,江苏省南京市瑞金北村,118.819141,32.042429
1195,江苏省南京市高家村40号,118.816654,32.106806
1196,江苏省南京市武夷名仕园,118.900111,31.887561
1197,江苏省南京市中航樾公馆,118.887556,31.958089
1198,江苏省南京市金基汇锦国际,118.730072,32.029092
1199,江苏省南京市万裕龙庭水岸,118.912429,31.914287
1200,江苏省南京市南方花园,118.827456,31.967064
1201,江苏省南京市苏宁乐瑰园,118.757266,32.051111
1202,江苏省南京市中海凤凰熙岸四期玺荟,118.76114,32.050069
1203,江苏省南京市德基世贸壹号,118.730097,31.998695
1204,江苏省南京市启迪方洲,118.91258,32.032652
1205,江苏省南京市恒盛金陵湾,118.739571,32.074772
1206,江苏省南京市迎江园,118.74011,32.077569
1207,江苏省南京市江雁依山郡花园,118.776202,32.112995
1208,江苏省南京市大石桥小区,118.794939,32.06077
1209,江苏省南京市石鼓路小区,118.776842,32.046846
1210,江苏省南京市珠江路小区,118.795519,32.056603
1211,江苏省南京市万达西地,118.742029,32.036
1212,江苏省南京市佳和园,118.73353,32.036603
1213,江苏省南京市金陵天成,118.866422,31.956325
1214,江苏省南京市如意里小区,118.799797,32.053507
1215,江苏省南京市龙湖新壹城,118.910223,31.919175
1216,江苏省南京市傅佐路小区,118.778979,32.071372
1217,江苏省南京市青岛路小区,118.785269,32.057957
1218,江苏省南京市武夷名仕园,118.900111,31.887561
1219,江苏省南京市汇景新苑,118.856202,31.968955
1220,江苏省南京市方山熙园,118.9093,31.933526
1221,江苏省南京市万科都荟天地,118.750418,32.097807
1222,江苏省南京市都荟雅居,118.78489,32.025792
1223,江苏省南京市协众雅居,118.90754,31.921659
1224,江苏省南京市文昌街2号,118.841354,32.342855
1225,江苏省南京市印湖山庄,118.879498,31.921113
1226,江苏省南京市万科和昌金域东方,118.948385,31.933829
1227,江苏省南京市南农大小区,118.846385,32.040557
1228,江苏省南京市虎踞关小区,118.770123,32.057525
1229,江苏省南京市辰龙广场,118.744606,32.050577
1230,江苏省南京市武学园小区,118.792047,32.039522
1231,江苏省南京市安将军巷,118.796503,32.053342
1232,江苏省南京市凤凰花园城静幽园,118.749136,32.048353
1233,江苏省南京市花红园社区休闲苑,118.805993,32.055866
1234,江苏省南京市丁家桥小区,118.784237,32.078206
1235,江苏省南京市九莲塘小区,118.800436,32.039841
1236,江苏省南京市时代华府,118.796858,32.063219
1237,江苏省南京市淮海新村,118.795523,32.042574
1238,江苏省南京市仁恒江湾城二期,118.721001,32.004445
1239,江苏省南京市北门桥路高层住宅小区,118.794636,32.055217
1240,江苏省南京市百子亭小区,118.793538,32.07333
1241,江苏省南京市中保绿苑,118.744536,32.061195
1242,江苏省南京市五台山小区,118.783428,32.052998
1243,江苏省南京市鸡鸣山庄,118.798658,32.068102
1244,江苏省南京市万科和昌金域东方,118.948385,31.933829
1245,江苏省南京市万科和昌金域东方,118.948385,31.933829
1246,江苏省南京市广州路小区,118.775794,32.056929
1247,江苏省南京市西方巷,118.79454,32.038519
1248,江苏省南京市南湾营馨康苑,118.89964,32.041677
1249,江苏省南京市佳和园,118.73353,32.036603
1250,江苏省南京市弘辉龙江里,118.745535,32.058923
1251,江苏省南京市正泰大厦,118.746267,32.070158
1252,江苏省南京市中央路小区,118.790563,32.083935
1253,江苏省南京市永庆村小区,118.781895,32.051773
1254,江苏省南京市中海凯旋门,118.761588,32.090943
1255,江苏省南京市凯润金城,118.791883,32.053602
1256,江苏省南京市百水芊城云水坊,118.91505,32.052241
1257,江苏省南京市银城一方山,118.899013,31.88465
1258,江苏省南京市南京华夏大厦,118.790055,32.052587
1259,江苏省南京市亚东国际公寓,118.774646,32.01046
1260,江苏省南京市四牌楼小区,118.802422,32.064653
1261,江苏省南京市万达东坊小区,118.749161,32.038172
1262,江苏省南京市玉兰小区,118.799899,31.992945
1263,江苏省南京市市政天元城,118.859869,31.947736
1264,江苏省南京市翰香苑,118.902511,31.89378
1265,江苏省南京市公教一村,118.806869,32.065748
1266,江苏省南京市唱经楼安全文明小区,118.794082,32.056648
1267,江苏省南京市中海凤凰熙岸四期玺荟,118.76114,32.050069
1268,江苏省南京市湖心花园,118.759499,32.038518
1291,江苏省南京市华菁水苑,118.905983,31.891601
1292,江苏省南京市武夷名仕园,118.900111,31.887561
1293,江苏省南京市银城一方山,118.899013,31.88465
1294,江苏省南京市招商方山里花园,118.903285,31.886109
1295,江苏省南京市西家大塘,118.799405,32.070118
1296,江苏省南京市木马公寓,118.794062,32.057767
1297,江苏省南京市木马公寓,118.794062,32.057767
1298,江苏省南京市易盛家园,118.778959,32.106028
1299,江苏省南京市武夷名仕园,118.900111,31.887561
1300,江苏省南京市新河二村,118.740548,32.07226
1301,江苏省南京市辰龙雅苑,118.740115,32.060568
1302,江苏省南京市大邦紫云阁,118.841049,32.039339
1303,江苏省南京市恒基中心公寓,118.793131,32.060231
1304,江苏省南京市宇业东方红郡,118.935796,32.054876
1305,江苏省南京市北京东路小区,118.809735,32.064414
1306,江苏省南京市清凉山庄,118.768318,32.052895
1307,江苏省南京市虎踞路,118.76574,32.054491
1308,江苏省南京市清凉山庄,118.768318,32.052895
1309,江苏省南京市高楼门,118.792738,32.070307
1310,江苏省南京市湖滨公寓,118.821025,31.949684
1311,江苏省南京市成贤街小区,118.801594,32.059083
1312,江苏省南京市银龙鑫苑,118.871941,32.008679
1313,江苏省南京市将军巷小区,118.799261,32.056652
1314,江苏省南京市西祠胡同,118.753905,32.044202
1315,江苏省南京市汇杰公寓,118.791658,32.06008
1316,江苏省南京市北极山村,118.794989,32.069071
1317,江苏省南京市板仓街小区,118.828199,32.076555
1318,江苏省南京市南湾营宁康苑,118.912006,32.047747
1319,江苏省南京市中海凤凰熙岸,118.76246,32.049736
1320,江苏省南京市阳光金峰阁,118.746952,32.06252
1321,江苏省南京市幸福城芙蓉园,118.906039,32.03853
1322,江苏省南京市弘瑞广场,118.753767,32.022377
1323,江苏省南京市天元吉第城,118.878834,31.953783
1324,江苏省南京市新河二村,118.740548,32.07226
1325,江苏省南京市拉萨路小区,118.778577,32.053451
1326,江苏省南京市石婆婆巷小区,118.794195,32.062209
1327,江苏省南京市东郊小镇第七街区,118.955203,32.065445
1328,江苏省南京市南湾营馨康苑,118.89964,32.041677
1329,江苏省南京市棉鞋营小区,118.806831,32.037086
1330,江苏省南京市北京东路小区,118.809735,32.064414
1351,江苏省南京市西家大塘,118.799405,32.070118
1352,江苏省南京市金域中央街区,118.7785,32.110065
1353,江苏省南京市港龙园,118.754096,32.06675
1354,江苏省南京市凤凰庄,118.767851,32.047404
1355,江苏省南京市锁金四村,118.823144,32.079423
1356,江苏省南京市西祠胡同,118.753905,32.044202
1357,江苏省南京市新河一村,118.742412,32.075046
1358,江苏省南京市峨眉公寓,118.793488,32.068747
1359,江苏省南京市清河新寓二村,118.736077,32.047778
1360,江苏省南京市居安里小区,118.795691,32.057433
1361,江苏省南京市玉桥国际公寓,118.78753,32.098744
1362,江苏省南京市积善新寓.丰勤园,118.744288,32.029892
1363,江苏省南京市大石桥6号小区,118.795523,32.060693
1364,江苏省南京市东大影壁,118.810238,32.054333
1365,江苏省南京市申家巷小区,118.803645,32.03679
1366,江苏省南京市水月秦淮,118.800407,32.045139
1367,江苏省南京市武夷名仕园,118.900111,31.887561
1368,江苏省南京市吉兆花园,118.792168,32.058925
1369,江苏省南京市王府园,118.794113,32.033193
1370,江苏省南京市麒麟山庄,118.94493,32.05745
1371,江苏省南京市南方花园,118.827456,31.967064
1372,江苏省南京市北门桥路高层住宅小区,118.794636,32.055217
1373,江苏省南京市老虎桥小区,118.797761,32.058525
1374,江苏省南京市武学园小区,118.792047,32.039522
1375,江苏省南京市钱塘路小区,118.771392,32.064769
1376,江苏省南京市武夷名仕园,118.900111,31.887561
1377,江苏省南京市回龙桥13号院,118.76411,32.080556
1378,江苏省南京市莱蒙水榭春天花园,118.733416,32.028277
1379,江苏省南京市太平北路小区,118.802805,32.055983
1380,江苏省南京市佳和园,118.73353,32.036603
1381,江苏省南京市汇景和园,118.840988,31.990256
1382,江苏省南京市天目路小区,118.773372,32.064938
1383,江苏省南京市翰香苑,118.902511,31.89378
1384,江苏省南京市湖滨公寓,118.821025,31.949684
1385,江苏省南京市萨家湾小区,118.768001,32.088747
1386,江苏省南京市金鹏大厦,118.777981,32.049237
1387,江苏省南京市天山路小区,118.796179,32.068797
1388,江苏省南京市天正天御溪岸,118.911953,31.916587
1389,江苏省南京市凤凰和鸣苑,118.787886,32.090324
1390,江苏省南京市东郊小镇第六街区,118.955564,32.063192
1391,江苏省南京市育才公寓西片,118.736203,32.051774
1392,江苏省南京市凯润金城,118.791883,32.053602
1393,江苏省南京市北京西路小区,118.941181,32.166066
1394,江苏省南京市台城花园,118.801006,32.069109
1395,江苏省南京市天正天御溪岸,118.911953,31.916587
1396,江苏省南京市恒安嘉园,118.864305,31.937418
1397,江苏省南京市小杨村小区,118.804015,32.041179
1398,江苏省南京市民佳园小区,118.739981,32.079351
1399,江苏省南京市华瑰园,118.76526,32.065168
1400,江苏省南京市沙塘园,118.800769,32.058174
1401,江苏省南京市自由生活馆,118.793271,32.029004
1402,江苏省南京市华阳佳园,118.752794,32.050328
1403,江苏省南京市苏宁睿城,118.728196,32.039026
1404,江苏省南京市白云园小区,118.750339,32.060834
1405,江苏省南京市银亿东城第十二街区,118.951267,32.070109
1406,江苏省南京市和燕花苑,118.81266,32.111972
1407,江苏省南京市万达西地,118.742029,32.036
1408,江苏省南京市清凉山庄,118.768318,32.052895
1409,江苏省南京市高楼门,118.792738,32.070307
1410,江苏省南京市兴隆新寓,118.744095,32.018851
1411,江苏省南京市学府风景,118.912831,31.930293
1412,江苏省南京市天地新城,118.8337,31.977304
1413,江苏省南京市中商万豪中心,118.776617,32.075999
1414,江苏省南京市天景山公寓荣华苑,118.881434,31.950605
1415,江苏省南京市天安恒隆花园,118.782862,32.033506
1416,江苏省南京市莫愁花园海棠里,118.749512,32.045924
1417,江苏省南京市瑞金北村,118.819141,32.042429
1418,江苏省南京市板仓街130号小区,118.826872,32.081144
1419,江苏省南京市中央路小区,118.790563,32.083935
1420,江苏省南京市钟阜路小区,118.773991,32.093752
1421,江苏省南京市梅花里,118.758152,32.041522
1422,江苏省南京市东大影壁,118.810238,32.054333
1423,江苏省南京市龙湖新壹城,118.910223,31.919175
1424,江苏省南京市双井巷小区,118.799874,32.057733
1425,江苏省南京市协众雅居,118.90754,31.921659
1426,江苏省南京市天安国际大厦,118.789239,32.045009
1427,江苏省南京市龙凤玫瑰园,118.761813,32.047097
1428,江苏省南京市西妙峰庵小区,118.763365,32.090563
1429,江苏省南京市佳和园,118.73353,32.036603
1430,江苏省南京市左右阳光,118.821274,32.113159
1431,江苏省南京市长江路9号,118.795838,32.049246
1432,江苏省南京市升龙汇金中心,118.717632,31.987351
1433,江苏省南京市银城一方山,118.899013,31.88465
1434,江苏省南京市钟阜大厦,118.769074,32.087949
1435,江苏省南京市清江花苑,118.748423,32.073524
1436,江苏省南京市太平北路122号小区,118.803636,32.058386
1437,江苏省南京市观城,118.793004,32.033673
1438,江苏省南京市东方龙湖湾南湖苑(御山湖),118.900798,31.9268
1439,江苏省南京市阅城国际花园,118.783451,31.990837
1440,江苏省南京市市政天元城摩登道,118.862106,31.945119
1441,江苏省南京市木马公寓,118.794062,32.057767
1442,江苏省南京市奥体新城海棠园,118.731151,32.023105
1443,江苏省南京市宝地园,118.750011,32.066849
1444,江苏省南京市天地新城,118.8337,31.977304
1445,江苏省南京市中海凯旋门,118.761588,32.090943
1446,江苏省南京市幸福城牡丹园,118.908209,32.039682
1447,江苏省南京市明华新村,118.787318,32.050652
1448,江苏省南京市锁金一村,118.821588,32.077229
1449,江苏省南京市天山路小区,118.796179,32.068797
1450,江苏省南京市学府风景,118.912831,31.930293
1451,江苏省南京市卫岗26号小区,118.85136,32.043968
1452,江苏省南京市居安里小区,118.795691,32.057433
1453,江苏省南京市大树根小区,118.792491,32.078782
1454,江苏省南京市锁金一村,118.821588,32.077229
1455,江苏省南京市黄埔花园,118.818995,32.048803
1456,江苏省南京市建设新村(鼓楼),118.776519,32.072405
1457,江苏省南京市佛心桥小区,118.825392,32.057003
1458,江苏省南京市板仓街小区,118.828199,32.076555
1459,江苏省南京市金狮公寓,118.784598,32.074503
1460,江苏省南京市中华路小区,118.78989,32.024697
1461,江苏省南京市江东北路小区,118.745988,32.057707
1462,江苏省南京市马鞍山10号小区,119.022765,31.624046
1463,江苏省南京市鱼市街小区,118.794542,32.056978
1464,江苏省南京市恒基中心公寓,118.793131,32.060231
1465,江苏省南京市金湾花园,118.740057,32.061841
1466,江苏省南京市中粮祥云,118.903569,31.921618
1467,江苏省南京市汉中门外大街,118.770133,32.049613
1468,江苏省南京市龙湖紫都城,118.786223,32.098819
1469,江苏省南京市良友里,118.805897,32.043154
1470,江苏省南京市蓝岸亲水湾花园,118.829378,31.959753
1471,江苏省南京市武夷名仕园,118.900111,31.887561
1472,江苏省南京市枫情佳园,118.817538,31.950156
1473,江苏省南京市虎踞路,118.76574,32.054491
1474,江苏省南京市新金贸花园,118.785582,32.088337
1475,江苏省南京市罗汉巷小区,118.866786,32.040086
1501,江苏省南京市文德里小区,118.804892,32.055967
1502,江苏省南京市苏苑大厦,118.794883,32.052337
1503,江苏省南京市世茂滨江新城,118.741049,32.083213
1504,江苏省南京市天正天御溪岸,118.911953,31.916587
1505,江苏省南京市广州路小区,118.775794,32.056929
1506,江苏省南京市奥体新城海棠园,118.731151,32.023105
1507,江苏省南京市南秀大厦,118.780193,32.060566
1508,江苏省南京市中海凯旋门,118.761588,32.090943
1509,江苏省南京市大石桥小区,118.794939,32.06077
1510,江苏省南京市城市之光国际公寓,118.886746,31.945501
1511,江苏省南京市文鼎雅苑,118.918684,31.915326
1512,江苏省南京市幸福城杜鹃园,118.910148,32.037313
1513,江苏省南京市武夷名仕园,118.900111,31.887561
1514,江苏省南京市荷花塘小区,118.843051,32.352576
1515,江苏省南京市凤凰西街152号小区,118.756635,32.048234
1516,江苏省南京市世茂滨江新城,118.741049,32.083213
1517,江苏省南京市尖角营小区,118.792921,32.062415
1518,江苏省南京市龙湖新壹城,118.910223,31.919175
1519,江苏省南京市洲岛家园,118.702564,32.032507
1520,江苏省南京市嘉业国际城,118.734841,32.004683
1521,江苏省南京市汇景新苑,118.856202,31.968955
1522,江苏省南京市潭桥公寓,118.85384,31.927342
1523,江苏省南京市虎踞关小区,118.770123,32.057525
1524,江苏省南京市板仓街小区,118.828199,32.076555
1525,江苏省南京市今日家园丹桂居,118.740935,32.030022
1526,江苏省南京市电站村,118.766702,32.029186
1527,江苏省南京市凤凰街八十四号小区,118.767667,32.049891
1528,江苏省南京市复地御钟山,118.898289,32.058821
1529,江苏省南京市随园小区,118.783527,32.057225
1530,江苏省南京市百水芊城春水坊,118.91095,32.051424
1531,江苏省南京市升龙天汇,118.704872,31.971217
1532,江苏省南京市积贤雅苑,118.738165,32.033483
1533,江苏省南京市淮海新村,118.795523,32.042574
1534,江苏省南京市金信花园,118.75308,32.054055
1535,江苏省南京市后半山园小区,118.831856,32.057128
1536,江苏省南京市大方新村,118.778625,32.069803
1537,江苏省南京市海福巷小区,118.849488,32.03046
1538,江苏省南京市王府国际花园,118.783489,32.044337
1539,江苏省南京市甲壳虫,118.769961,32.047906
1540,江苏省南京市相府吉邸,118.796829,32.051948
1541,江苏省南京市拉萨路8号,118.776787,32.054097
1542,江苏省南京市绿国万象都荟,118.803331,32.004471
1543,江苏省南京市天之都大厦,118.794874,32.041542
1544,江苏省南京市武夷名仕园,118.900111,31.887561
1545,江苏省南京市宁工新寓二村,118.743903,32.065386
1546,江苏省南京市都荟雅居,118.78489,32.025792
1547,江苏省南京市五矿澜悦方山,118.902638,31.88368
1548,江苏省南京市尧顺佳园,118.90063,32.134441
1549,江苏省南京市台城花园,118.801006,32.069109
1550,江苏省南京市致和新村,118.799815,32.031891
1551,江苏省南京市清凉门小区,118.763332,32.0545
1552,江苏省南京市清江花苑,118.748423,32.073524
1553,江苏省南京市城开家园,118.834504,32.026869
1554,江苏省南京市天山路小区,118.796179,32.068797
1555,江苏省南京市中垠紫金观邸,118.901638,32.052506
1556,江苏省南京市现代大厦,118.78968,32.031417
1557,江苏省南京市恒盛金陵湾,118.739571,32.074772
1558,江苏省南京市工农新村,118.772254,32.10073
1559,江苏省南京市百水芊城怡水坊,118.914116,32.053851
1560,江苏省南京市中南世纪雅苑,118.916702,32.043186
1561,江苏省南京市沙塘园,118.800769,32.058174
1562,江苏省南京市天宝新寓,118.865243,31.952305
1563,江苏省南京市月牙湖花园,118.835885,32.032592
1564,江苏省南京市紫荆国际公寓,118.799475,31.998442
1565,江苏省南京市南方花园,118.827456,31.967064
1566,江苏省南京市观城,118.793004,32.033673
1567,江苏省南京市交通一村,118.768929,32.086514
1568,江苏省南京市绣花巷小区,118.80496,32.037658
1569,江苏省南京市龙湖新壹城,118.910223,31.919175
1570,江苏省南京市汇文里,118.792447,32.055568
1591,江苏省南京市北四卫头小区,118.776184,32.073527
1592,江苏省南京市凤凰庄,118.767851,32.047404
1593,江苏省南京市白云园北片,118.750339,32.060834
1594,江苏省南京市武学园小区,118.792047,32.039522
1595,江苏省南京市世茂梦享家,118.903208,31.890646
1596,江苏省南京市君临国际,118.788857,32.055886
1597,江苏省南京市王府园,118.793573,32.033154
1598,江苏省南京市城市之光国际公寓,118.886746,31.945501
1599,江苏省南京市西祠胡同,118.753905,32.044202
1621,江苏省南京市银城街小区,118.743363,32.058568
1622,江苏省南京市天玺国际广场,118.73653,32.049656
1623,江苏省南京市西华东村社区,118.814188,32.044957
1624,江苏省南京市营苑新寓,118.836989,32.109406
1625,江苏省南京市老虎桥32号,118.798433,32.058475
1626,江苏省南京市西祠胡同,118.753905,32.044202
1627,江苏省南京市金舟花园,118.744314,32.057256
1628,江苏省南京市观城,118.793004,32.033673
1629,江苏省南京市百子亭后小区,118.793538,32.07333
1630,江苏省南京市佳和园,118.73353,32.036603
1631,江苏省南京市新世界中心,118.801701,32.04648
1632,江苏省南京市长发华辰大厦,118.785928,32.049629
1633,江苏省南京市天地花园,118.835968,32.02972
1634,江苏省南京市文德里小区,118.804892,32.055967
1635,江苏省南京市北门桥路高层住宅小区,118.794636,32.055217
1636,江苏省南京市丽晶国际,118.754487,32.073311
1637,江苏省南京市保利梧桐语,118.917419,31.900072
1638,江苏省南京市佳和园,118.73353,32.036603
1639,江苏省南京市钟阜大厦,118.769074,32.087949
1640,江苏省南京市学府风景,118.912831,31.930293
1641,江苏省南京市新亭路182号,118.857904,31.948485
1642,江苏省南京市元隆府邸,118.742319,32.060754
1643,江苏省南京市瓯江华府,118.859154,31.960211
1644,江苏省南京市小火瓦巷,118.794834,32.039622
1645,江苏省南京市砂珠巷小区,118.790437,32.031187
1646,江苏省南京市博学苑玉兰园,118.907235,31.93173
1647,江苏省南京市马鞍山路小区,118.76729,32.0713
1648,江苏省南京市凤凰花园城清溪园,118.751564,32.04838
1649,江苏省南京市二条巷小区(秦淮),118.808518,32.043648
1650,江苏省南京市深业滨江半岛(深悦滨江公寓),118.746148,32.103201